id;first_name;middle_name;last_name;gender;birth_date;mobile_number;email;is_temporary_password;profile_image_url;notes
1;Leora;maximize Planner;Langosh;FEMALE;2022-01-09;magenta calculating;Kamron_Marquardt@hotmail.com;false;Investor;../fake-data/blob/hipster.txt
2;Eldridge;Outdoors Identity protocol;Hegmann;OTHER;2022-01-09;TCP;Liza.Bartell@hotmail.com;true;Profound content Polarised;../fake-data/blob/hipster.txt
3;Llewellyn;content-based Functionality target;Bernhard;MALE;2022-01-08;markets wireless com;Ezekiel18@yahoo.com;true;Dynamic global;../fake-data/blob/hipster.txt
4;Rubie;programming Investment;Kemmer;FEMALE;2022-01-09;reciprocal Small;Kyle53@gmail.com;false;Gloves;../fake-data/blob/hipster.txt
5;Arno;Internal Alabama;Conroy;MALE;2022-01-08;benchmark Plastic Ma;Jakayla72@gmail.com;true;Account Heights deposit;../fake-data/blob/hipster.txt
6;Aletha;mobile withdrawal Liaison;Kessler;OTHER;2022-01-09;Archipelago);Darrick.Wiegand88@gmail.com;false;Jordan Qatari;../fake-data/blob/hipster.txt
7;Ernestina;Loan;Quigley;OTHER;2022-01-08;Table Metal Sleek;Asha.Hamill@hotmail.com;false;Account panel SQL;../fake-data/blob/hipster.txt
8;Nora;hour;Marvin;MALE;2022-01-09;payment;Nia_Vandervort@yahoo.com;true;online;../fake-data/blob/hipster.txt
9;Bell;navigating;Simonis;FEMALE;2022-01-08;Soap;Julio60@hotmail.com;true;systems;../fake-data/blob/hipster.txt
10;Ellsworth;Handmade;Strosin;FEMALE;2022-01-08;Identity;Immanuel_Emmerich79@gmail.com;true;override;../fake-data/blob/hipster.txt
